{"cameraMode":{"drawMode":0,"name":"Shaded","section":"Shading Mode"},"sceneLighting":true,"audioPlay":false,"sceneViewState":{"showFog":false,"showMaterialUpdate":false,"showSkybox":true,"showFlares":false,"showImageEffects":false,"showParticleSystems":false},"in2DMode":false,"pivot":{"x":-63.32786560058594,"y":35.61982727050781,"z":16.195363998413087},"rotation":{"x":0.0029168217442929746,"y":-0.97261643409729,"z":0.23451878130435944,"w":-0.0006259054061956704},"size":88.59440612792969,"orthographic":true}