{"count":1,"gauges":{},"self":93.076211199999989,"total":94.5649818,"children":{"AgentResetIfDone":{"count":4563,"self":0.0106939,"total":0.0106939,"children":null},"AgentSendState":{"count":4563,"self":0.0097716,"total":0.0859934,"children":{"CollectObservations":{"count":2724,"self":0.076221799999999992,"total":0.076221799999999992,"children":null}}},"DecideAction":{"count":4563,"self":1.3860812,"total":1.3860812,"children":null},"AcademyStep":{"count":4563,"self":0,"total":0,"children":null},"AgentAct":{"count":4563,"self":0.0059993999999999994,"total":0.0059993999999999994,"children":null}}}